"Los Angeles, California",
1/1/1878,3.33
2/1/1878,7.68
3/1/1878,2.57
4/1/1878,1.71
5/1/1878,0.66
6/1/1878,0.07
7/1/1878,0
8/1/1878,0
9/1/1878,0
10/1/1878,0.14
11/1/1878,0
12/1/1878,4.7
1/1/1879,3.59
2/1/1879,0.97
3/1/1879,0.49
4/1/1879,1.19
5/1/1879,0.24
6/1/1879,0.03
7/1/1879,0
8/1/1879,0
9/1/1879,0
10/1/1879,0.93
11/1/1879,3.44
12/1/1879,6.53
1/1/1880,1.33
2/1/1880,1.56
3/1/1880,1.45
4/1/1880,5.06
5/1/1880,0.04
6/1/1880,0
7/1/1880,0
8/1/1880,0
9/1/1880,0
10/1/1880,0.14
11/1/1880,0.67
12/1/1880,8.4
1/1/1881,1.43
2/1/1881,0.36
3/1/1881,1.66
4/1/1881,0.46
5/1/1881,0.01
6/1/1881,0
7/1/1881,0
8/1/1881,0
9/1/1881,0
10/1/1881,0.82
11/1/1881,0.27
12/1/1881,0.52
1/1/1882,1.01
2/1/1882,2.66
3/1/1882,2.66
4/1/1882,1.83
5/1/1882,0.63
6/1/1882,0
7/1/1882,0
8/1/1882,0
9/1/1882,0
10/1/1882,0.05
11/1/1882,1.82
12/1/1882,0.08
1/1/1883,1.62
2/1/1883,3.47
3/1/1883,2.87
4/1/1883,0.15
5/1/1883,2.02
6/1/1883,0.03
7/1/1883,0
8/1/1883,0
9/1/1883,0
10/1/1883,1.42
11/1/1883,0
12/1/1883,2.56
1/1/1884,3.15
2/1/1884,13.37
3/1/1884,12.36
4/1/1884,3.58
5/1/1884,0.35
6/1/1884,1.39
7/1/1884,0
8/1/1884,0
9/1/1884,0
10/1/1884,0.39
11/1/1884,1.06
12/1/1884,4.64
1/1/1885,1.05
2/1/1885,0
3/1/1885,0.01
4/1/1885,2
5/1/1885,0.06
6/1/1885,0
7/1/1885,0
8/1/1885,0
9/1/1885,0
10/1/1885,0.26
11/1/1885,5.52
12/1/1885,1.63
1/1/1886,7.72
2/1/1886,1.38
3/1/1886,2.5
4/1/1886,3.29
5/1/1886,0
6/1/1886,0.01
7/1/1886,0.24
8/1/1886,0.21
9/1/1886,0
10/1/1886,0.01
11/1/1886,1.18
12/1/1886,0.18
1/1/1887,0.2
2/1/1887,9.25
3/1/1887,0.24
4/1/1887,2.3
5/1/1887,0.2
6/1/1887,0.04
7/1/1887,0.07
8/1/1887,0
9/1/1887,0.15
10/1/1887,0.12
11/1/1887,0.78
12/1/1887,2.67
1/1/1888,6.03
2/1/1888,0.77
3/1/1888,3.15
4/1/1888,0.11
5/1/1888,0.02
6/1/1888,0
7/1/1888,0.03
8/1/1888,0.08
9/1/1888,0
10/1/1888,0.36
11/1/1888,4.01
12/1/1888,6.26
1/1/1889,0.25
2/1/1889,0.92
3/1/1889,6.48
4/1/1889,0.27
5/1/1889,0.62
6/1/1889,0
7/1/1889,0
8/1/1889,0.61
9/1/1889,0
10/1/1889,6.96
11/1/1889,1.35
12/1/1889,15.8
1/1/1890,7.83
2/1/1890,1.36
3/1/1890,0.66
4/1/1890,0.22
5/1/1890,0.03
6/1/1890,0.02
7/1/1890,0
8/1/1890,0.03
9/1/1890,0.06
10/1/1890,0.03
11/1/1890,0.13
12/1/1890,2.32
1/1/1891,0.25
2/1/1891,8.56
3/1/1891,0.41
4/1/1891,1.26
5/1/1891,0.31
6/1/1891,0
7/1/1891,0
8/1/1891,0
9/1/1891,0.06
10/1/1891,0
11/1/1891,0
12/1/1891,1.99
1/1/1892,0.88
2/1/1892,3.19
3/1/1892,3.39
4/1/1892,0.22
5/1/1892,2.06
6/1/1892,0.06
7/1/1892,0
8/1/1892,0.01
9/1/1892,0
10/1/1892,0.33
11/1/1892,4.4
12/1/1892,4.18
1/1/1893,6.29
2/1/1893,2.27
3/1/1893,8.52
4/1/1893,0.19
5/1/1893,0.06
6/1/1893,0.03
7/1/1893,0
8/1/1893,0
9/1/1893,0
10/1/1893,0.75
11/1/1893,0.2
12/1/1893,3.65
1/1/1894,0.94
2/1/1894,0.49
3/1/1894,0.37
4/1/1894,0.13
5/1/1894,0.2
6/1/1894,0
7/1/1894,0
8/1/1894,0.01
9/1/1894,0.73
10/1/1894,0.02
11/1/1894,0
12/1/1894,4.62
1/1/1895,5.84
2/1/1895,0.46
3/1/1895,3.77
4/1/1895,0.46
5/1/1895,0.19
6/1/1895,0.01
7/1/1895,0
8/1/1895,0
9/1/1895,0
10/1/1895,0.24
11/1/1895,0.8
12/1/1895,0.78
1/1/1896,3.23
2/1/1896,0
3/1/1896,2.97
4/1/1896,0.19
5/1/1896,0.3
6/1/1896,0
7/1/1896,0.02
8/1/1896,0.01
9/1/1896,0
10/1/1896,1.3
11/1/1896,1.66
12/1/1896,2.12
1/1/1897,3.7
2/1/1897,5.62
3/1/1897,2.31
4/1/1897,0.02
5/1/1897,0.1
6/1/1897,0
7/1/1897,0
8/1/1897,0
9/1/1897,0
10/1/1897,2.47
11/1/1897,0.01
12/1/1897,0.05
1/1/1898,1.26
2/1/1898,0.51
3/1/1898,0.98
4/1/1898,0.03
5/1/1898,1.75
6/1/1898,0
7/1/1898,0.07
8/1/1898,0
9/1/1898,0.02
10/1/1898,0.09
11/1/1898,0
12/1/1898,0.12
1/1/1899,2.64
2/1/1899,0.04
3/1/1899,1.81
4/1/1899,0.18
5/1/1899,0.04
6/1/1899,0.58
7/1/1899,0
8/1/1899,0.01
9/1/1899,0
10/1/1899,1.59
11/1/1899,0.9
12/1/1899,0.9
1/1/1900,1.17
2/1/1900,0
3/1/1900,0.99
4/1/1900,0.54
5/1/1900,1.81
6/1/1900,0
7/1/1900,0
8/1/1900,0
9/1/1900,0
10/1/1900,0.26
11/1/1900,6.53
12/1/1900,0
1/1/1901,2.49
2/1/1901,4.38
3/1/1901,0.45
4/1/1901,0.68
5/1/1901,1.5
6/1/1901,0
7/1/1901,0
8/1/1901,0.09
9/1/1901,0.03
10/1/1901,1.88
11/1/1901,0.46
12/1/1901,0
1/1/1902,1.62
2/1/1902,3.35
3/1/1902,2.98
4/1/1902,0.16
5/1/1902,0.03
6/1/1902,0
7/1/1902,0
8/1/1902,0
9/1/1902,0
10/1/1902,0.4
11/1/1902,2.08
12/1/1902,2.5
1/1/1903,2.1
2/1/1903,1.52
3/1/1903,6.93
4/1/1903,3.77
5/1/1903,0
6/1/1903,0.02
7/1/1903,0
8/1/1903,0
9/1/1903,0.43
10/1/1903,0
11/1/1903,0
12/1/1903,0
1/1/1904,0.14
2/1/1904,2.68
3/1/1904,4.5
4/1/1904,0.97
5/1/1904,0
6/1/1904,0
7/1/1904,0
8/1/1904,0.17
9/1/1904,0.28
10/1/1904,0.69
11/1/1904,0
12/1/1904,2.45
1/1/1905,2.57
2/1/1905,6.06
3/1/1905,6
4/1/1905,0.35
5/1/1905,0.95
6/1/1905,0
7/1/1905,0
8/1/1905,0
9/1/1905,0
10/1/1905,0.08
11/1/1905,2.98
12/1/1905,0.2
1/1/1906,3.85
2/1/1906,2.47
3/1/1906,7.35
4/1/1906,0.69
5/1/1906,1.02
6/1/1906,0.01
7/1/1906,0.02
8/1/1906,0.03
9/1/1906,0.05
10/1/1906,0
11/1/1906,0.85
12/1/1906,5.12
1/1/1907,7.02
2/1/1907,1.83
3/1/1907,4.12
4/1/1907,0.16
5/1/1907,0.07
6/1/1907,0.03
7/1/1907,0
8/1/1907,0
9/1/1907,0
10/1/1907,1.19
11/1/1907,0
12/1/1907,0.88
1/1/1908,5.04
2/1/1908,3.66
3/1/1908,0.18
4/1/1908,0.52
5/1/1908,0.25
6/1/1908,0
7/1/1908,0
8/1/1908,0.08
9/1/1908,1.22
10/1/1908,0.25
11/1/1908,1.08
12/1/1908,1.46
1/1/1909,7.27
2/1/1909,5.2
3/1/1909,2.51
4/1/1909,0
5/1/1909,0
6/1/1909,0.11
7/1/1909,0
8/1/1909,0
9/1/1909,0.04
10/1/1909,0.28
11/1/1909,1.51
12/1/1909,7
1/1/1910,1.53
2/1/1910,0.11
3/1/1910,1.86
4/1/1910,0.3
5/1/1910,0
6/1/1910,0
7/1/1910,0.04
8/1/1910,0
9/1/1910,0.01
10/1/1910,0.82
11/1/1910,0.15
12/1/1910,0.07
1/1/1911,6.7
2/1/1911,2.91
3/1/1911,5.15
4/1/1911,0.28
5/1/1911,0.02
6/1/1911,0.03
7/1/1911,0
8/1/1911,0
9/1/1911,1.23
10/1/1911,0.16
11/1/1911,0.1
12/1/1911,1.27
1/1/1912,0.07
2/1/1912,0
3/1/1912,6.99
4/1/1912,1.66
5/1/1912,0.12
6/1/1912,0
7/1/1912,0
8/1/1912,0
9/1/1912,0
10/1/1912,0.56
11/1/1912,0.35
12/1/1912,0.03
1/1/1913,2.01
2/1/1913,9.16
3/1/1913,0.33
4/1/1913,0.35
5/1/1913,0.05
6/1/1913,0.58
7/1/1913,0
8/1/1913,0
9/1/1913,0.03
10/1/1913,0
11/1/1913,3
12/1/1913,1.66
1/1/1914,10.35
2/1/1914,7.04
3/1/1914,0.58
4/1/1914,0.47
5/1/1914,0.43
6/1/1914,0.09
7/1/1914,0.01
8/1/1914,0
9/1/1914,0
10/1/1914,0.31
11/1/1914,0.2
12/1/1914,3.73
1/1/1915,5.42
2/1/1915,5.09
3/1/1915,0.6
4/1/1915,0.81
5/1/1915,0.88
6/1/1915,0
7/1/1915,0
8/1/1915,0
9/1/1915,0
10/1/1915,0
11/1/1915,1.35
12/1/1915,2.52
1/1/1916,13.3
2/1/1916,1.82
3/1/1916,0.9
4/1/1916,0
5/1/1916,0.03
6/1/1916,0
7/1/1916,0
8/1/1916,0
9/1/1916,0.77
10/1/1916,2.71
11/1/1916,0.09
12/1/1916,3.67
1/1/1917,2.68
2/1/1917,4.49
3/1/1917,0.18
4/1/1917,0.46
5/1/1917,0.21
6/1/1917,0
7/1/1917,0
8/1/1917,0
9/1/1917,0
10/1/1917,0
11/1/1917,0.36
12/1/1917,0.07
1/1/1918,0.5
2/1/1918,6.14
3/1/1918,6.21
4/1/1918,0.15
5/1/1918,0.4
6/1/1918,0.03
7/1/1918,0.09
8/1/1918,0.03
9/1/1918,0.55
10/1/1918,0
11/1/1918,1.85
12/1/1918,1.54
1/1/1919,0.96
2/1/1919,1.02
3/1/1919,2.18
4/1/1919,0.17
5/1/1919,0.19
6/1/1919,0
7/1/1919,0
8/1/1919,0
9/1/1919,1.29
10/1/1919,0.56
11/1/1919,0.46
12/1/1919,1.99
1/1/1920,0.5
2/1/1920,2.37
3/1/1920,4.25
4/1/1920,1
5/1/1920,0.1
6/1/1920,0
7/1/1920,0
8/1/1920,0
9/1/1920,0.04
10/1/1920,0.76
11/1/1920,1.15
12/1/1920,1.01
1/1/1921,3.28
2/1/1921,0.86
3/1/1921,2.75
4/1/1921,0.28
5/1/1921,3.57
6/1/1921,0.01
7/1/1921,0
8/1/1921,0
9/1/1921,0.62
10/1/1921,0.59
11/1/1921,0.05
12/1/1921,7.9
1/1/1922,4.64
2/1/1922,3.47
3/1/1922,1.64
4/1/1922,0.1
5/1/1922,0.65
6/1/1922,0
7/1/1922,0
8/1/1922,0
9/1/1922,0
10/1/1922,0.24
11/1/1922,1.44
12/1/1922,3.09
1/1/1923,1.76
2/1/1923,0.75
3/1/1923,0.32
4/1/1923,1.97
5/1/1923,0
6/1/1923,0.02
7/1/1923,0
8/1/1923,0
9/1/1923,0.55
10/1/1923,0.04
11/1/1923,0.04
12/1/1923,0.8
1/1/1924,0.36
2/1/1924,0.03
3/1/1924,3.42
4/1/1924,1.43
5/1/1924,0
6/1/1924,0
7/1/1924,0
8/1/1924,0
9/1/1924,0
10/1/1924,0.63
11/1/1924,1.14
12/1/1924,1.1
1/1/1925,0.2
2/1/1925,0.53
3/1/1925,1.56
4/1/1925,1.9
5/1/1925,0.32
6/1/1925,0
7/1/1925,0
8/1/1925,0
9/1/1925,0
10/1/1925,0.74
11/1/1925,0.68
12/1/1925,2.45
1/1/1926,3.06
2/1/1926,2.7
3/1/1926,0.22
4/1/1926,7.53
5/1/1926,0.18
6/1/1926,0
7/1/1926,0
8/1/1926,0
9/1/1926,0
10/1/1926,0
11/1/1926,3.4
12/1/1926,1.15
1/1/1927,1.09
2/1/1927,9.03
3/1/1927,2.07
4/1/1927,0.7
5/1/1927,0
6/1/1927,0
7/1/1927,0
8/1/1927,0
9/1/1927,0
10/1/1927,2.04
11/1/1927,0.61
12/1/1927,3.09
1/1/1928,0.02
2/1/1928,1.43
3/1/1928,1.99
4/1/1928,0.29
5/1/1928,0.29
6/1/1928,0.01
7/1/1928,0
8/1/1928,0
9/1/1928,0
10/1/1928,0.29
11/1/1928,1.67
12/1/1928,2.7
1/1/1929,1.2
2/1/1929,2.15
3/1/1929,2.51
4/1/1929,1.99
5/1/1929,0
6/1/1929,0.15
7/1/1929,0
8/1/1929,0
9/1/1929,0.32
10/1/1929,0
11/1/1929,0
12/1/1929,0
1/1/1930,6.55
2/1/1930,0.45
3/1/1930,3.99
4/1/1930,0.15
5/1/1930,1.04
6/1/1930,0
7/1/1930,0
8/1/1930,0
9/1/1930,0.01
10/1/1930,0.1
11/1/1930,1.71
12/1/1930,0
1/1/1931,3.9
2/1/1931,3.25
3/1/1931,0
4/1/1931,3.02
5/1/1931,0.52
6/1/1931,0.02
7/1/1931,0
8/1/1931,0.02
9/1/1931,0.24
10/1/1931,0.06
11/1/1931,1.95
12/1/1931,5.95
1/1/1932,2.94
2/1/1932,5.33
3/1/1932,0.01
4/1/1932,0.3
5/1/1932,0.02
6/1/1932,0.13
7/1/1932,0
8/1/1932,0
9/1/1932,0.14
10/1/1932,0.08
11/1/1932,0
12/1/1932,1.77
1/1/1933,8.46
2/1/1933,0
3/1/1933,0.15
4/1/1933,0.56
5/1/1933,0.21
6/1/1933,0.47
7/1/1933,0
8/1/1933,0.01
9/1/1933,0
10/1/1933,0.34
11/1/1933,0.04
12/1/1933,8.48
1/1/1934,3.22
2/1/1934,2.04
3/1/1934,0.01
4/1/1934,0
5/1/1934,0
6/1/1934,0.41
7/1/1934,0
8/1/1934,0.01
9/1/1934,0.13
10/1/1934,2.31
11/1/1934,2.79
12/1/1934,3.75
1/1/1935,2.91
2/1/1935,2.23
3/1/1935,4.31
4/1/1935,3.19
5/1/1935,0.03
6/1/1935,0
7/1/1935,0
8/1/1935,0.11
9/1/1935,0
10/1/1935,0.05
11/1/1935,1.24
12/1/1935,0.42
1/1/1936,0.51
2/1/1936,7.25
3/1/1936,1.34
4/1/1936,0.95
5/1/1936,0
6/1/1936,0.2
7/1/1936,0.01
8/1/1936,0.02
9/1/1936,0.03
10/1/1936,1.25
11/1/1936,0.05
12/1/1936,6.63
1/1/1937,1.99
2/1/1937,7.87
3/1/1937,4.04
4/1/1937,0.24
5/1/1937,0.28
6/1/1937,0
7/1/1937,0
8/1/1937,0
9/1/1937,0
10/1/1937,0.01
11/1/1937,0
12/1/1937,3.54
1/1/1938,1.63
2/1/1938,9.81
3/1/1938,7.94
4/1/1938,0.48
5/1/1938,0.02
6/1/1938,0
7/1/1938,0
8/1/1938,0
9/1/1938,0
10/1/1938,0.01
11/1/1938,0
12/1/1938,7.26
1/1/1939,2.96
2/1/1939,1.13
3/1/1939,1.44
4/1/1939,0.24
5/1/1939,0.02
6/1/1939,0
7/1/1939,0
8/1/1939,0.01
9/1/1939,5.67
10/1/1939,0.13
11/1/1939,0.08
12/1/1939,0.38
1/1/1940,4.33
2/1/1940,5.43
3/1/1940,1.55
4/1/1940,1.36
5/1/1940,0.02
6/1/1940,0
7/1/1940,0
8/1/1940,0
9/1/1940,0.01
10/1/1940,1.47
11/1/1940,0.34
12/1/1940,5.5
1/1/1941,2.21
2/1/1941,12.42
3/1/1941,8.14
4/1/1941,2.67
5/1/1941,0
6/1/1941,0
7/1/1941,0
8/1/1941,0.04
9/1/1941,0
10/1/1941,1.53
11/1/1941,0.05
12/1/1941,4.22
1/1/1942,0.59
2/1/1942,1.05
3/1/1942,1.26
4/1/1942,2.44
5/1/1942,0
6/1/1942,0
7/1/1942,0
8/1/1942,0.23
9/1/1942,0
10/1/1942,0.58
11/1/1942,1.24
12/1/1942,1.01
1/1/1943,7.98
2/1/1943,3.07
3/1/1943,4.55
4/1/1943,0.5
5/1/1943,0
6/1/1943,0.01
7/1/1943,0
8/1/1943,0
9/1/1943,0
10/1/1943,0.18
11/1/1943,0.05
12/1/1943,6.23
1/1/1944,0.96
2/1/1944,8.65
3/1/1944,2.47
4/1/1944,0.6
5/1/1944,0.02
6/1/1944,0.05
7/1/1944,0
8/1/1944,0
9/1/1944,0.01
10/1/1944,0.05
11/1/1944,3.72
12/1/1944,0.9
1/1/1945,0.04
2/1/1945,3.34
3/1/1945,3.43
4/1/1945,0.08
5/1/1945,0
6/1/1945,0.01
7/1/1945,0
8/1/1945,0.04
9/1/1945,0
10/1/1945,0.56
11/1/1945,0.23
12/1/1945,5.05
1/1/1946,0.11
2/1/1946,1.52
3/1/1946,3.66
4/1/1946,0.92
5/1/1946,0.04
6/1/1946,0
7/1/1946,0
8/1/1946,0
9/1/1946,0.02
10/1/1946,0.92
11/1/1946,6.04
12/1/1946,3.47
1/1/1947,0.38
2/1/1947,0.86
3/1/1947,0.79
4/1/1947,0
5/1/1947,0.11
6/1/1947,0.02
7/1/1947,0
8/1/1947,0.01
9/1/1947,0.09
10/1/1947,0.14
11/1/1947,0.06
12/1/1947,1.62
1/1/1948,0
2/1/1948,1.29
3/1/1948,3.07
4/1/1948,0.78
5/1/1948,0
6/1/1948,0.16
7/1/1948,0
8/1/1948,0
9/1/1948,0
10/1/1948,0.09
11/1/1948,0
12/1/1948,2.2
1/1/1949,2.43
2/1/1949,1.41
3/1/1949,1.4
4/1/1949,0
5/1/1949,0.46
6/1/1949,0
7/1/1949,0
8/1/1949,0.01
9/1/1949,0.01
10/1/1949,0.01
11/1/1949,2.18
12/1/1949,2.72
1/1/1950,2.57
2/1/1950,1.67
3/1/1950,0.87
4/1/1950,0.56
5/1/1950,0
6/1/1950,0
7/1/1950,0.01
8/1/1950,0
9/1/1950,0.38
10/1/1950,0.24
11/1/1950,1.05
12/1/1950,0.03
1/1/1951,2.8
2/1/1951,1.48
3/1/1951,0.44
4/1/1951,1.54
5/1/1951,0.24
6/1/1951,0
7/1/1951,0
8/1/1951,0.15
9/1/1951,0
10/1/1951,0.59
11/1/1951,1.29
12/1/1951,5.8
1/1/1952,10.03
2/1/1952,0.63
3/1/1952,6.14
4/1/1952,1.58
5/1/1952,0
6/1/1952,0
7/1/1952,0
8/1/1952,0
9/1/1952,0.13
10/1/1952,0
11/1/1952,3.13
12/1/1952,3.31
1/1/1953,1.08
2/1/1953,0.33
3/1/1953,0.48
4/1/1953,0.91
5/1/1953,0.03
6/1/1953,0.06
7/1/1953,0
8/1/1953,0
9/1/1953,0
10/1/1953,0
11/1/1953,1.11
12/1/1953,0.08
1/1/1954,4.6
2/1/1954,2.98
3/1/1954,2.99
4/1/1954,0.13
5/1/1954,0.02
6/1/1954,0.08
7/1/1954,0
8/1/1954,0
9/1/1954,0
10/1/1954,0
11/1/1954,2.03
12/1/1954,0.86
1/1/1955,4.3
2/1/1955,0.68
3/1/1955,0.56
4/1/1955,2.07
5/1/1955,1.43
6/1/1955,0.01
7/1/1955,0
8/1/1955,0.05
9/1/1955,0
10/1/1955,0
11/1/1955,1.68
12/1/1955,1.11
1/1/1956,8.39
2/1/1956,0.59
3/1/1956,0
4/1/1956,3.72
5/1/1956,0.46
6/1/1956,0
7/1/1956,0
8/1/1956,0
9/1/1956,0
10/1/1956,0.12
11/1/1956,0
12/1/1956,0.34
1/1/1957,4.41
2/1/1957,1.47
3/1/1957,1.02
4/1/1957,1.47
5/1/1957,0.63
6/1/1957,0.08
7/1/1957,0
8/1/1957,0
9/1/1957,0
10/1/1957,1.51
11/1/1957,0.51
12/1/1957,2.14
1/1/1958,2.08
2/1/1958,6.46
3/1/1958,5.3
4/1/1958,3.09
5/1/1958,0.04
6/1/1958,0
7/1/1958,0
8/1/1958,0.39
9/1/1958,0.07
10/1/1958,0.06
11/1/1958,0
12/1/1958,0
1/1/1959,1.24
2/1/1959,3.32
3/1/1959,0
4/1/1959,0.5
5/1/1959,0
6/1/1959,0
7/1/1959,0
8/1/1959,0
9/1/1959,0.01
10/1/1959,0
11/1/1959,0.07
12/1/1959,1.09
1/1/1960,2.94
2/1/1960,2.26
3/1/1960,0.31
4/1/1960,1.45
5/1/1960,0.05
6/1/1960,0
7/1/1960,0
8/1/1960,0
9/1/1960,0
10/1/1960,0.01
11/1/1960,2.4
12/1/1960,0.15
1/1/1961,1.28
2/1/1961,0.15
3/1/1961,0.57
4/1/1961,0.29
5/1/1961,0
6/1/1961,0
7/1/1961,0
8/1/1961,0.03
9/1/1961,0.05
10/1/1961,0
11/1/1961,2.02
12/1/1961,1.44
1/1/1962,2.56
2/1/1962,11.57
3/1/1962,1.1
4/1/1962,0
5/1/1962,0.02
6/1/1962,0
7/1/1962,0
8/1/1962,0
9/1/1962,0
10/1/1962,0.12
11/1/1962,0
12/1/1962,0
1/1/1963,0.52
2/1/1963,2.88
3/1/1963,2.78
4/1/1963,1.94
5/1/1963,0
6/1/1963,0.14
7/1/1963,0
8/1/1963,0.02
9/1/1963,1.31
10/1/1963,0.57
11/1/1963,2.15
12/1/1963,0
1/1/1964,1.43
2/1/1964,0
3/1/1964,1.79
4/1/1964,0.33
5/1/1964,0.01
6/1/1964,0.32
7/1/1964,0
8/1/1964,0
9/1/1964,0
10/1/1964,0.33
11/1/1964,1.72
12/1/1964,2.05
1/1/1965,0.84
2/1/1965,0.23
3/1/1965,2.49
4/1/1965,6.02
5/1/1965,0
6/1/1965,0.01
7/1/1965,0
8/1/1965,0.01
9/1/1965,1.8
10/1/1965,0
11/1/1965,9.68
12/1/1965,5.73
1/1/1966,0.96
2/1/1966,1.51
3/1/1966,0.53
4/1/1966,0
5/1/1966,0.22
6/1/1966,0
7/1/1966,0
8/1/1966,0
9/1/1966,0.3
10/1/1966,0.06
11/1/1966,4.07
12/1/1966,5.26
1/1/1967,5.93
2/1/1967,0.11
3/1/1967,2.5
4/1/1967,3.76
5/1/1967,0.01
6/1/1967,0
7/1/1967,0
8/1/1967,0
9/1/1967,1.02
10/1/1967,0
11/1/1967,8.67
12/1/1967,1.66
1/1/1968,0.9
2/1/1968,0.49
3/1/1968,3.34
4/1/1968,0.49
5/1/1968,0
6/1/1968,0.01
7/1/1968,0.01
8/1/1968,0.11
9/1/1968,0.03
10/1/1968,0.55
11/1/1968,0.37
12/1/1968,1.28
1/1/1969,14.94
2/1/1969,8.03
3/1/1969,1.49
4/1/1969,0.63
5/1/1969,0.03
6/1/1969,0
7/1/1969,0.03
8/1/1969,0
9/1/1969,0
10/1/1969,0
11/1/1969,1.11
12/1/1969,0.06
1/1/1970,1.59
2/1/1970,2.58
3/1/1970,2.36
4/1/1970,0
5/1/1970,0
6/1/1970,0.04
7/1/1970,0
8/1/1970,0
9/1/1970,0
10/1/1970,0
11/1/1970,5.05
12/1/1970,4.92
1/1/1971,0.43
2/1/1971,0.67
3/1/1971,0.53
4/1/1971,0.5
5/1/1971,0.22
6/1/1971,0
7/1/1971,0
8/1/1971,0
9/1/1971,0
10/1/1971,0.04
11/1/1971,0.3
12/1/1971,6.57
1/1/1972,0
2/1/1972,0.13
3/1/1972,0
4/1/1972,0.03
5/1/1972,0.03
6/1/1972,0.07
7/1/1972,0
8/1/1972,0.35
9/1/1972,0.02
10/1/1972,0.29
11/1/1972,3.26
12/1/1972,2.36
1/1/1973,4.39
2/1/1973,7.89
3/1/1973,2.7
4/1/1973,0
5/1/1973,0
6/1/1973,0
7/1/1973,0
8/1/1973,0
9/1/1973,0
10/1/1973,0.12
11/1/1973,1.68
12/1/1973,0.67
1/1/1974,8.35
2/1/1974,0.14
3/1/1974,3.78
4/1/1974,0.1
5/1/1974,0.08
6/1/1974,0
7/1/1974,0
8/1/1974,0
9/1/1974,0
10/1/1974,0.58
11/1/1974,0.07
12/1/1974,3.59
1/1/1975,0.12
2/1/1975,3.54
3/1/1975,4.83
4/1/1975,1.53
5/1/1975,0.09
6/1/1975,0
7/1/1975,0
8/1/1975,0
9/1/1975,0
10/1/1975,0.27
11/1/1975,0
12/1/1975,0.32
1/1/1976,0
2/1/1976,3.71
3/1/1976,1.81
4/1/1976,0.84
5/1/1976,0.05
6/1/1976,0.22
7/1/1976,0
8/1/1976,0.08
9/1/1976,2.82
10/1/1976,0.24
11/1/1976,0.49
12/1/1976,0.75
1/1/1977,2.84
2/1/1977,0.17
3/1/1977,1.89
4/1/1977,0
5/1/1977,3.03
6/1/1977,0
7/1/1977,0
8/1/1977,2.26
9/1/1977,0
10/1/1977,0
11/1/1977,0.08
12/1/1977,4.7
1/1/1978,7.7
2/1/1978,8.91
3/1/1978,8.02
4/1/1978,1.77
5/1/1978,0
6/1/1978,0
7/1/1978,0
8/1/1978,0
9/1/1978,0.39
10/1/1978,0.05
11/1/1978,2.28
12/1/1978,1.45
1/1/1979,6.59
2/1/1979,3.06
3/1/1979,5.85
4/1/1979,0
5/1/1979,0
6/1/1979,0
7/1/1979,0
8/1/1979,0.01
9/1/1979,0
10/1/1979,0.77
11/1/1979,0.21
12/1/1979,0.51
1/1/1980,7.5
2/1/1980,12.75
3/1/1980,4.79
4/1/1980,0.31
5/1/1980,0.13
6/1/1980,0
7/1/1980,0
8/1/1980,0
9/1/1980,0
10/1/1980,0
11/1/1980,0
12/1/1980,0.85
1/1/1981,2.02
2/1/1981,1.48
3/1/1981,4.1
4/1/1981,0.53
5/1/1981,0
6/1/1981,0
7/1/1981,0
8/1/1981,0
9/1/1981,0.02
10/1/1981,0.49
11/1/1981,1.8
12/1/1981,0.48
1/1/1982,2.17
2/1/1982,0.7
3/1/1982,3.54
4/1/1982,1.39
5/1/1982,0.12
6/1/1982,0
7/1/1982,0
8/1/1982,0
9/1/1982,0.84
10/1/1982,0.19
11/1/1982,4.41
12/1/1982,1.05
1/1/1983,6.49
2/1/1983,4.37
3/1/1983,8.37
4/1/1983,5.16
5/1/1983,0.36
6/1/1983,0.01
7/1/1983,0
8/1/1983,0.79
9/1/1983,1.99
10/1/1983,0.75
11/1/1983,2.52
12/1/1983,3.23
1/1/1984,0.17
2/1/1984,0
3/1/1984,0.28
4/1/1984,0.69
5/1/1984,0
6/1/1984,0.01
7/1/1984,0
8/1/1984,0.4
9/1/1984,0.23
10/1/1984,0.15
11/1/1984,1.44
12/1/1984,5.53
1/1/1985,0.71
2/1/1985,2.84
3/1/1985,1.29
4/1/1985,0
5/1/1985,0.23
6/1/1985,0
7/1/1985,0
8/1/1985,0
9/1/1985,0.19
10/1/1985,0.42
11/1/1985,2.91
12/1/1985,0.33
1/1/1986,2.19
2/1/1986,6.1
3/1/1986,5.27
4/1/1986,0.45
5/1/1986,0
6/1/1986,0
7/1/1986,0.18
8/1/1986,0
9/1/1986,1.97
10/1/1986,0.53
11/1/1986,0.94
12/1/1986,0.37
1/1/1987,1.39
2/1/1987,1.22
3/1/1987,0.95
4/1/1987,0.06
5/1/1987,0
6/1/1987,0.05
7/1/1987,0.01
8/1/1987,0
9/1/1987,0.09
10/1/1987,2.37
11/1/1987,1.13
12/1/1987,1.84
1/1/1988,1.65
2/1/1988,1.72
3/1/1988,0.26
4/1/1988,3.41
5/1/1988,0
6/1/1988,0
7/1/1988,0
8/1/1988,0.05
9/1/1988,0.04
10/1/1988,0
11/1/1988,0.7
12/1/1988,3.8
1/1/1989,0.73
2/1/1989,1.9
3/1/1989,0.81
4/1/1989,0
5/1/1989,0.05
6/1/1989,0
7/1/1989,0
8/1/1989,0
9/1/1989,0.35
10/1/1989,0.43
11/1/1989,0.29
12/1/1989,0
1/1/1990,1.24
2/1/1990,3.12
3/1/1990,0.17
4/1/1990,0.58
5/1/1990,1.17
6/1/1990,0
7/1/1990,0
8/1/1990,0.02
9/1/1990,0
10/1/1990,0
11/1/1990,0.19
12/1/1990,0
1/1/1991,1.17
2/1/1991,4.13
3/1/1991,5.92
4/1/1991,0.03
5/1/1991,0
6/1/1991,0.01
7/1/1991,0.13
8/1/1991,0
9/1/1991,0.09
10/1/1991,0.37
11/1/1991,0
12/1/1991,3.22
1/1/1992,1.74
2/1/1992,7.96
3/1/1992,7.12
4/1/1992,0.33
5/1/1992,0.04
6/1/1992,0
7/1/1992,0.08
8/1/1992,0
9/1/1992,0
10/1/1992,0.7
11/1/1992,0
12/1/1992,4.68
1/1/1993,11.77
2/1/1993,6.61
3/1/1993,2.74
4/1/1993,0
5/1/1993,0.02
6/1/1993,0.76
7/1/1993,0
8/1/1993,0
9/1/1993,0
10/1/1993,0.16
11/1/1993,0.66
12/1/1993,0.78
1/1/1994,0.33
2/1/1994,3.21
3/1/1994,1.86
4/1/1994,0.83
5/1/1994,0.28
6/1/1994,0
7/1/1994,0
8/1/1994,0
9/1/1994,0
10/1/1994,0.19
11/1/1994,0.61
12/1/1994,1.35
1/1/1995,12.56
2/1/1995,1.3
3/1/1995,6.98
4/1/1995,0.58
5/1/1995,0.18
6/1/1995,0.6
7/1/1995,0.02
8/1/1995,0
9/1/1995,0
10/1/1995,0
11/1/1995,0.09
12/1/1995,1.34
1/1/1996,3.16
2/1/1996,4.94
3/1/1996,2.16
4/1/1996,0.71
5/1/1996,0.04
6/1/1996,0
7/1/1996,0
8/1/1996,0
9/1/1996,0
10/1/1996,1.06
11/1/1996,1.59
12/1/1996,4.09
1/1/1997,5.58
2/1/1997,0.08
3/1/1997,0
4/1/1997,0
5/1/1997,0
6/1/1997,0
7/1/1997,0
8/1/1997,0
9/1/1997,0.45
10/1/1997,0
11/1/1997,2.06
12/1/1997,2.52
1/1/1998,4.12
2/1/1998,13.68
3/1/1998,4.06
4/1/1998,0.97
5/1/1998,3.1
6/1/1998,0.05
7/1/1998,0
8/1/1998,0
9/1/1998,0.01
10/1/1998,0
11/1/1998,1.32
12/1/1998,0.54
1/1/1999,1.85
2/1/1999,0.56
3/1/1999,1.24
4/1/1999,2.57
5/1/1999,0.02
6/1/1999,0.98
7/1/1999,0
8/1/1999,0
9/1/1999,0
10/1/1999,0
11/1/1999,0.44
12/1/1999,0.4
1/1/2000,0.88
2/1/2000,5.54
3/1/2000,2.82
4/1/2000,1.49
5/1/2000,0
6/1/2000,0
7/1/2000,0
8/1/2000,0.07
9/1/2000,0.15
10/1/2000,0.98
11/1/2000,0
12/1/2000,0
1/1/2001,5.59
2/1/2001,8.87
3/1/2001,1.17
4/1/2001,1.11
5/1/2001,0
6/1/2001,0
7/1/2001,0
8/1/2001,0
9/1/2001,0
10/1/2001,0.06
11/1/2001,1.42
12/1/2001,1.38
1/1/2002,0.8
2/1/2002,0.29
3/1/2002,0.32
4/1/2002,0.09
5/1/2002,0.05
6/1/2002,0.01
7/1/2002,0
8/1/2002,0
9/1/2002,0
10/1/2002,0.05
11/1/2002,2.43
12/1/2002,3.31
1/1/2003,0
2/1/2003,4.64
3/1/2003,4.32
4/1/2003,0.71
5/1/2003,1.02
6/1/2003,0.01
7/1/2003,0
8/1/2003,0
9/1/2003,0
10/1/2003,0.53
11/1/2003,0.79
12/1/2003,1.35
1/1/2004,0.47
2/1/2004,4.89
3/1/2004,1.17
4/1/2004,0.04
5/1/2004,0
6/1/2004,0
7/1/2004,0
8/1/2004,0
9/1/2004,0
10/1/2004,4.56
11/1/2004,0.2
12/1/2004,8.77
1/1/2005,9.32
2/1/2005,11.02
3/1/2005,2.14
4/1/2005,1.05
5/1/2005,0.19
6/1/2005,0
7/1/2005,0
8/1/2005,0
9/1/2005,0.29
10/1/2005,1.35
11/1/2005,0.22
12/1/2005,1.03
1/1/2006,2.06
2/1/2006,2.37
3/1/2006,2.87
4/1/2006,2.15
5/1/2006,0.85
6/1/2006,0
7/1/2006,0
8/1/2006,0
9/1/2006,0
10/1/2006,0.34
11/1/2006,0.16
12/1/2006,0.81
1/1/2007,0.19
2/1/2007,0.92
3/1/2007,0.05
4/1/2007,0.74
5/1/2007,0
6/1/2007,0
7/1/2007,0
8/1/2007,0
9/1/2007,0.52
10/1/2007,0.95
11/1/2007,0.56
12/1/2007,1.73
1/1/2008,7.97
2/1/2008,1.64
3/1/2008,0.01
4/1/2008,0.04
5/1/2008,0.11
6/1/2008,0
7/1/2008,0
8/1/2008,0
9/1/2008,0
10/1/2008,0.02
11/1/2008,1.85
12/1/2008,2.79
1/1/2009,0.34
2/1/2009,3.57
3/1/2009,0.33
4/1/2009,0.03
5/1/2009,0
6/1/2009,0.15
7/1/2009,0
8/1/2009,0
9/1/2009,0
10/1/2009,2.07
11/1/2009,0.01
12/1/2009,2.89
1/1/2010,4.94
2/1/2010,4.27
3/1/2010,0.48
4/1/2010,1.65
5/1/2010,0.05
6/1/2010,0
7/1/2010,0
8/1/2010,0
9/1/2010,0
10/1/2010,0.94
11/1/2010,0.53
12/1/2010,10.23
1/1/2011,0.79
2/1/2011,3.29
3/1/2011,3.96
4/1/2011,0
5/1/2011,0.45
6/1/2011,0.01
7/1/2011,0
8/1/2011,0
9/1/2011,0
10/1/2011,1.17
11/1/2011,1.58
12/1/2011,1.01
1/1/2012,1.3
2/1/2012,0.16
3/1/2012,1.75
4/1/2012,1.71
5/1/2012,0.01
6/1/2012,0
7/1/2012,0.01
8/1/2012,0
9/1/2012,0
10/1/2012,0.02
11/1/2012,1.03
12/1/2012,2.16
1/1/2013,1.18
2/1/2013,0.2
3/1/2013,0.54
4/1/2013,0
5/1/2013,0.71
6/1/2013,0
7/1/2013,0.09
8/1/2013,0
9/1/2013,0
10/1/2013,0.06
11/1/2013,0.62
12/1/2013,0.2
1/1/2014,0
2/1/2014,3.58
3/1/2014,1.18
4/1/2014,0.35
5/1/2014,0
6/1/2014,0
7/1/2014,0
8/1/2014,0.04
9/1/2014,0.01
10/1/2014,0.25
11/1/2014,0.48
12/1/2014,3.88
1/1/2015,1.09
2/1/2015,0.83
3/1/2015,0.87
4/1/2015,0.13
5/1/2015,0.93
6/1/2015,0.01
7/1/2015,0.38
8/1/2015,0
9/1/2015,2.39
10/1/2015,0.45
11/1/2015,0.01
12/1/2015,0.57
1/1/2016,3.17
2/1/2016,0.79
3/1/2016,1.6
4/1/2016,0.24
5/1/2016,0.05
6/1/2016,0
7/1/2016,0
8/1/2016,0
9/1/2016,0
10/1/2016,0.52
11/1/2016,0.88
12/1/2016,4.55
1/1/2017,8.38
2/1/2017,4.17
3/1/2017,0.09
4/1/2017,0.08
5/1/2017,0.32
6/1/2017,0.01
7/1/2017,0
8/1/2017,0
9/1/2017,0.07
10/1/2017,0.1
11/1/2017,0.01
12/1/2017,0.01
1/1/2018,1.77
2/1/2018,0.03
3/1/2018,2.69
4/1/2018,0.02
5/1/2018,0.09
6/1/2018,0
7/1/2018,0
8/1/2018,0
9/1/2018,0
10/1/2018,0.57
11/1/2018,1.58
12/1/2018,2.11
1/1/2019,5.95
2/1/2019,5.59
3/1/2019,2.19
4/1/2019,0.02
5/1/2019,0.81
6/1/2019,0
7/1/2019,0
8/1/2019,0
9/1/2019,0.03
10/1/2019,0
11/1/2019,2.12
12/1/2019,4.84
1/1/2020,0.32
2/1/2020,0.04
3/1/2020,4.35
4/1/2020,3.02
5/1/2020,0.14
6/1/2020,0
7/1/2020,0
8/1/2020,0
9/1/2020,0
10/1/2020,0
11/1/2020,0.11
12/1/2020,1.84
1/1/2021,2.44
2/1/2021,0
3/1/2021,1.41
4/1/2021,0
5/1/2021,0
6/1/2021,0.02
7/1/2021,0.22
8/1/2021,0
9/1/2021,0.01
10/1/2021,0.71
11/1/2021,0
12/1/2021,9.46
